Section,Precision,Recall,F1
classes,1.0,1.0,1.0
attributes,1.0,1.0,1.0
methods,0.8461538461538461,0.8461538461538461,0.8461538461538461
relationships,1.0,1.0,1.0
